INSERT INTO SLUZBA_ISHRANE (ID_SI, RAD_VREME) VALUES (1, 'Svakim radnim danom od 7 do 13 h. Vikendom ne radimo!'); 

INSERT INTO OBROK (SIFRA_OB, NAZ_OB) VALUES (1, 'Dorucak'); 
INSERT INTO OBROK (SIFRA_OB, NAZ_OB) VALUES (2, 'Rucak'); 
INSERT INTO OBROK (SIFRA_OB, NAZ_OB) VALUES (3, 'Vecera');

INSERT INTO RADNIK (SIFRA_RAD,JMBG_RAD,DAT_RODJ_RAD,IME_RAD,PREZ_RAD,SI_ID_SI) VALUES (100,8239274227060,TO_DATE('1980-02-10', 'yyyy-mm-dd'),'Nathan','Wilson',1); 
INSERT INTO RADNIK (SIFRA_RAD,JMBG_RAD,DAT_RODJ_RAD,IME_RAD,PREZ_RAD,SI_ID_SI) VALUES (101,7932201075367,TO_DATE('1966-04-14', 'yyyy-mm-dd'),'Jillian','Good',1); 
INSERT INTO RADNIK (SIFRA_RAD,JMBG_RAD,DAT_RODJ_RAD,IME_RAD,PREZ_RAD,SI_ID_SI) VALUES (102,9066181689500,TO_DATE('1979-10-15', 'yyyy-mm-dd'),'Bruno','Estes',1); 
INSERT INTO RADNIK (SIFRA_RAD,JMBG_RAD,DAT_RODJ_RAD,IME_RAD,PREZ_RAD,SI_ID_SI) VALUES (103,5587988261599,TO_DATE('1971-08-01', 'yyyy-mm-dd'),'Zachery','Henry',1); 
INSERT INTO RADNIK (SIFRA_RAD,JMBG_RAD,DAT_RODJ_RAD,IME_RAD,PREZ_RAD,SI_ID_SI) VALUES (104,3713701287750,TO_DATE('1982-06-09', 'yyyy-mm-dd'),'Rahim','Oneal',1); 
INSERT INTO RADNIK (SIFRA_RAD,JMBG_RAD,DAT_RODJ_RAD,IME_RAD,PREZ_RAD,SI_ID_SI) VALUES (105,9205912005156,TO_DATE('1984-05-09', 'yyyy-mm-dd'),'Gregory','Kennedy',1); 
INSERT INTO RADNIK (SIFRA_RAD,JMBG_RAD,DAT_RODJ_RAD,IME_RAD,PREZ_RAD,SI_ID_SI) VALUES (106,6996426872909,TO_DATE('1970-10-07', 'yyyy-mm-dd'),'Zachary','Spears',1); 
INSERT INTO RADNIK (SIFRA_RAD,JMBG_RAD,DAT_RODJ_RAD,IME_RAD,PREZ_RAD,SI_ID_SI) VALUES (107,8022747778799,TO_DATE('1977-01-28', 'yyyy-mm-dd'),'Fallon','Jarvis',1); 
INSERT INTO RADNIK (SIFRA_RAD,JMBG_RAD,DAT_RODJ_RAD,IME_RAD,PREZ_RAD,SI_ID_SI) VALUES (108,2793672071304,TO_DATE('1981-08-19', 'yyyy-mm-dd'),'Ila','Fox',1); 
INSERT INTO RADNIK (SIFRA_RAD,JMBG_RAD,DAT_RODJ_RAD,IME_RAD,PREZ_RAD,SI_ID_SI) VALUES (109,9576295901089,TO_DATE('1982-08-02', 'yyyy-mm-dd'),'Tyrone','Calderon',1); 
INSERT INTO RADNIK (SIFRA_RAD,JMBG_RAD,DAT_RODJ_RAD,IME_RAD,PREZ_RAD,SI_ID_SI) VALUES (110,5153641421347,TO_DATE('1975-10-15', 'yyyy-mm-dd'),'Tarik','Glover',1); 
INSERT INTO RADNIK (SIFRA_RAD,JMBG_RAD,DAT_RODJ_RAD,IME_RAD,PREZ_RAD,SI_ID_SI) VALUES (111,6828554149717,TO_DATE('1983-11-23', 'yyyy-mm-dd'),'Jason','Stewart',1); 
INSERT INTO RADNIK (SIFRA_RAD,JMBG_RAD,DAT_RODJ_RAD,IME_RAD,PREZ_RAD,SI_ID_SI) VALUES (112,1223712048493,TO_DATE('1973-09-20', 'yyyy-mm-dd'),'Leigh','Chandler',1); 
INSERT INTO RADNIK (SIFRA_RAD,JMBG_RAD,DAT_RODJ_RAD,IME_RAD,PREZ_RAD,SI_ID_SI) VALUES (113,1226289152633,TO_DATE('1975-06-16', 'yyyy-mm-dd'),'Ezra','Turner',1); 

INSERT INTO RADNIK_U_SZUO (SIFRA_RAD) VALUES (100); 
INSERT INTO RADNIK_U_SZUO (SIFRA_RAD) VALUES (101); 
INSERT INTO RADNIK_U_SZUO (SIFRA_RAD) VALUES (102); 
INSERT INTO RADNIK_U_SZUO (SIFRA_RAD) VALUES (103); 
INSERT INTO RADNIK_U_SZUO (SIFRA_RAD) VALUES (104); 
INSERT INTO RADNIK_U_SZUO (SIFRA_RAD) VALUES (105); 
INSERT INTO RADNIK_U_SZUO (SIFRA_RAD) VALUES (106); 

INSERT INTO RADNIK_U_MENZI (SIFRA_RAD) VALUES (107); 
INSERT INTO RADNIK_U_MENZI (SIFRA_RAD) VALUES (108); 
INSERT INTO RADNIK_U_MENZI (SIFRA_RAD) VALUES (109); 
INSERT INTO RADNIK_U_MENZI (SIFRA_RAD) VALUES (110); 
INSERT INTO RADNIK_U_MENZI (SIFRA_RAD) VALUES (111); 
INSERT INTO RADNIK_U_MENZI (SIFRA_RAD) VALUES (112); 
INSERT INTO RADNIK_U_MENZI (SIFRA_RAD) VALUES (113); 

INSERT INTO RESTORAN (ID_RES, NAZ_RES) VALUES (1, 'Velika menza'); 
INSERT INTO RESTORAN (ID_RES, NAZ_RES) VALUES (2, 'Srednja menza'); 
INSERT INTO RESTORAN (ID_RES, NAZ_RES) VALUES (3, 'Mala menza');

INSERT INTO SALTER (ID_SAL, RES_ID_RES) VALUES (1, 1); 
INSERT INTO SALTER (ID_SAL, RES_ID_RES) VALUES (2, 1); 
INSERT INTO SALTER (ID_SAL, RES_ID_RES) VALUES (3, 1); 
INSERT INTO SALTER (ID_SAL, RES_ID_RES) VALUES (4, 1); 
INSERT INTO SALTER (ID_SAL, RES_ID_RES) VALUES (1, 2); 
INSERT INTO SALTER (ID_SAL, RES_ID_RES) VALUES (2, 2); 
INSERT INTO SALTER (ID_SAL, RES_ID_RES) VALUES (3, 2); 
INSERT INTO SALTER (ID_SAL, RES_ID_RES) VALUES (1, 3);

INSERT INTO DNEVNO_POSLUZENJE_HRANE (ID_PH,KOL_PH,DAT_PH,SAL_ID_SAL,SAL_ID_RES,OB_SIFRA_OB,RAD_U_MENZI_SIFRA_RAD) VALUES (3,223,TO_DATE('2020-01-18', 'yyyy-mm-dd'),4,1,3,109);
INSERT INTO DNEVNO_POSLUZENJE_HRANE (ID_PH,KOL_PH,DAT_PH,SAL_ID_SAL,SAL_ID_RES,OB_SIFRA_OB,RAD_U_MENZI_SIFRA_RAD) VALUES (4,319,TO_DATE('2020-01-19', 'yyyy-mm-dd'),4,1,2,111);
INSERT INTO DNEVNO_POSLUZENJE_HRANE (ID_PH,KOL_PH,DAT_PH,SAL_ID_SAL,SAL_ID_RES,OB_SIFRA_OB,RAD_U_MENZI_SIFRA_RAD) VALUES (5,308,TO_DATE('2020-01-18', 'yyyy-mm-dd'),2,2,3,113);
INSERT INTO DNEVNO_POSLUZENJE_HRANE (ID_PH,KOL_PH,DAT_PH,SAL_ID_SAL,SAL_ID_RES,OB_SIFRA_OB,RAD_U_MENZI_SIFRA_RAD) VALUES (6,233,TO_DATE('2020-01-15', 'yyyy-mm-dd'),2,1,1,111);
INSERT INTO DNEVNO_POSLUZENJE_HRANE (ID_PH,KOL_PH,DAT_PH,SAL_ID_SAL,SAL_ID_RES,OB_SIFRA_OB,RAD_U_MENZI_SIFRA_RAD) VALUES (7,297,TO_DATE('2020-01-09', 'yyyy-mm-dd'),3,1,2,112);
INSERT INTO DNEVNO_POSLUZENJE_HRANE (ID_PH,KOL_PH,DAT_PH,SAL_ID_SAL,SAL_ID_RES,OB_SIFRA_OB,RAD_U_MENZI_SIFRA_RAD) VALUES (8,357,TO_DATE('2020-01-03', 'yyyy-mm-dd'),1,3,3,112);
INSERT INTO DNEVNO_POSLUZENJE_HRANE (ID_PH,KOL_PH,DAT_PH,SAL_ID_SAL,SAL_ID_RES,OB_SIFRA_OB,RAD_U_MENZI_SIFRA_RAD) VALUES (9,255,TO_DATE('2020-01-20', 'yyyy-mm-dd'),1,1,3,113);
INSERT INTO DNEVNO_POSLUZENJE_HRANE (ID_PH,KOL_PH,DAT_PH,SAL_ID_SAL,SAL_ID_RES,OB_SIFRA_OB,RAD_U_MENZI_SIFRA_RAD) VALUES (10,384,TO_DATE('2020-01-12', 'yyyy-mm-dd'),1,3,2,110);
INSERT INTO DNEVNO_POSLUZENJE_HRANE (ID_PH,KOL_PH,DAT_PH,SAL_ID_SAL,SAL_ID_RES,OB_SIFRA_OB,RAD_U_MENZI_SIFRA_RAD) VALUES (12,355,TO_DATE('2020-01-03', 'yyyy-mm-dd'),3,1,1,112);
INSERT INTO DNEVNO_POSLUZENJE_HRANE (ID_PH,KOL_PH,DAT_PH,SAL_ID_SAL,SAL_ID_RES,OB_SIFRA_OB,RAD_U_MENZI_SIFRA_RAD) VALUES (13,369,TO_DATE('2020-01-21', 'yyyy-mm-dd'),2,2,1,109);
INSERT INTO DNEVNO_POSLUZENJE_HRANE (ID_PH,KOL_PH,DAT_PH,SAL_ID_SAL,SAL_ID_RES,OB_SIFRA_OB,RAD_U_MENZI_SIFRA_RAD) VALUES (14,306,TO_DATE('2020-01-03', 'yyyy-mm-dd'),1,1,3,108);
INSERT INTO DNEVNO_POSLUZENJE_HRANE (ID_PH,KOL_PH,DAT_PH,SAL_ID_SAL,SAL_ID_RES,OB_SIFRA_OB,RAD_U_MENZI_SIFRA_RAD) VALUES (15,310,TO_DATE('2020-01-11', 'yyyy-mm-dd'),2,2,2,109);
INSERT INTO DNEVNO_POSLUZENJE_HRANE (ID_PH,KOL_PH,DAT_PH,SAL_ID_SAL,SAL_ID_RES,OB_SIFRA_OB,RAD_U_MENZI_SIFRA_RAD) VALUES (16,236,TO_DATE('2020-01-12', 'yyyy-mm-dd'),3,2,2,112);
INSERT INTO DNEVNO_POSLUZENJE_HRANE (ID_PH,KOL_PH,DAT_PH,SAL_ID_SAL,SAL_ID_RES,OB_SIFRA_OB,RAD_U_MENZI_SIFRA_RAD) VALUES (17,319,TO_DATE('2020-01-19', 'yyyy-mm-dd'),3,2,1,109);
INSERT INTO DNEVNO_POSLUZENJE_HRANE (ID_PH,KOL_PH,DAT_PH,SAL_ID_SAL,SAL_ID_RES,OB_SIFRA_OB,RAD_U_MENZI_SIFRA_RAD) VALUES (18,366,TO_DATE('2020-01-02', 'yyyy-mm-dd'),3,2,2,108);
INSERT INTO DNEVNO_POSLUZENJE_HRANE (ID_PH,KOL_PH,DAT_PH,SAL_ID_SAL,SAL_ID_RES,OB_SIFRA_OB,RAD_U_MENZI_SIFRA_RAD) VALUES (19,220,TO_DATE('2020-01-07', 'yyyy-mm-dd'),2,1,3,113);
INSERT INTO DNEVNO_POSLUZENJE_HRANE (ID_PH,KOL_PH,DAT_PH,SAL_ID_SAL,SAL_ID_RES,OB_SIFRA_OB,RAD_U_MENZI_SIFRA_RAD) VALUES (21,299,TO_DATE('2020-01-11', 'yyyy-mm-dd'),1,2,1,108);
INSERT INTO DNEVNO_POSLUZENJE_HRANE (ID_PH,KOL_PH,DAT_PH,SAL_ID_SAL,SAL_ID_RES,OB_SIFRA_OB,RAD_U_MENZI_SIFRA_RAD) VALUES (22,347,TO_DATE('2020-01-17', 'yyyy-mm-dd'),2,2,3,111);
INSERT INTO DNEVNO_POSLUZENJE_HRANE (ID_PH,KOL_PH,DAT_PH,SAL_ID_SAL,SAL_ID_RES,OB_SIFRA_OB,RAD_U_MENZI_SIFRA_RAD) VALUES (23,351,TO_DATE('2020-01-10', 'yyyy-mm-dd'),3,2,3,107);
INSERT INTO DNEVNO_POSLUZENJE_HRANE (ID_PH,KOL_PH,DAT_PH,SAL_ID_SAL,SAL_ID_RES,OB_SIFRA_OB,RAD_U_MENZI_SIFRA_RAD) VALUES (25,225,TO_DATE('2020-01-21', 'yyyy-mm-dd'),2,1,3,108);
INSERT INTO DNEVNO_POSLUZENJE_HRANE (ID_PH,KOL_PH,DAT_PH,SAL_ID_SAL,SAL_ID_RES,OB_SIFRA_OB,RAD_U_MENZI_SIFRA_RAD) VALUES (27,211,TO_DATE('2020-01-04', 'yyyy-mm-dd'),1,3,2,111);
INSERT INTO DNEVNO_POSLUZENJE_HRANE (ID_PH,KOL_PH,DAT_PH,SAL_ID_SAL,SAL_ID_RES,OB_SIFRA_OB,RAD_U_MENZI_SIFRA_RAD) VALUES (29,215,TO_DATE('2020-01-17', 'yyyy-mm-dd'),4,1,3,107);
INSERT INTO DNEVNO_POSLUZENJE_HRANE (ID_PH,KOL_PH,DAT_PH,SAL_ID_SAL,SAL_ID_RES,OB_SIFRA_OB,RAD_U_MENZI_SIFRA_RAD) VALUES (30,324,TO_DATE('2020-01-11', 'yyyy-mm-dd'),1,1,3,109);
INSERT INTO DNEVNO_POSLUZENJE_HRANE (ID_PH,KOL_PH,DAT_PH,SAL_ID_SAL,SAL_ID_RES,OB_SIFRA_OB,RAD_U_MENZI_SIFRA_RAD) VALUES (31,208,TO_DATE('2020-01-13', 'yyyy-mm-dd'),4,1,2,107);
INSERT INTO DNEVNO_POSLUZENJE_HRANE (ID_PH,KOL_PH,DAT_PH,SAL_ID_SAL,SAL_ID_RES,OB_SIFRA_OB,RAD_U_MENZI_SIFRA_RAD) VALUES (33,303,TO_DATE('2020-01-08', 'yyyy-mm-dd'),2,1,2,113);
INSERT INTO DNEVNO_POSLUZENJE_HRANE (ID_PH,KOL_PH,DAT_PH,SAL_ID_SAL,SAL_ID_RES,OB_SIFRA_OB,RAD_U_MENZI_SIFRA_RAD) VALUES (34,394,TO_DATE('2020-01-19', 'yyyy-mm-dd'),1,3,3,109);
INSERT INTO DNEVNO_POSLUZENJE_HRANE (ID_PH,KOL_PH,DAT_PH,SAL_ID_SAL,SAL_ID_RES,OB_SIFRA_OB,RAD_U_MENZI_SIFRA_RAD) VALUES (35,393,TO_DATE('2020-01-16', 'yyyy-mm-dd'),1,3,1,109);
INSERT INTO DNEVNO_POSLUZENJE_HRANE (ID_PH,KOL_PH,DAT_PH,SAL_ID_SAL,SAL_ID_RES,OB_SIFRA_OB,RAD_U_MENZI_SIFRA_RAD) VALUES (36,239,TO_DATE('2020-01-10', 'yyyy-mm-dd'),1,2,3,113);

INSERT INTO UNIVERZITET (ID_UNI, NAZ_UNI) VALUES (123, 'Univerzitet u Novom Sadu');

INSERT INTO FAKULTET (ID_FAK, NAZ_FAK, UNI_ID_UNI) VALUES (1, 'Fakultet tehnickih nauka', 123); INSERT INTO FAKULTET (ID_FAK, NAZ_FAK, UNI_ID_UNI) VALUES (2, 'Ekonomski fakultet', 123); INSERT INTO FAKULTET (ID_FAK, NAZ_FAK, UNI_ID_UNI) VALUES (3, 'Tehnoloski fakultet', 123); INSERT INTO FAKULTET (ID_FAK, NAZ_FAK, UNI_ID_UNI) VALUES (4, 'Prirodno-matematicki fakultet', 123); INSERT INTO FAKULTET (ID_FAK, NAZ_FAK, UNI_ID_UNI) VALUES (5, 'Pravni fakultet', 123); INSERT INTO FAKULTET (ID_FAK, NAZ_FAK, UNI_ID_UNI) VALUES (6, 'Medicinski fakultet', 123); INSERT INTO FAKULTET (ID_FAK, NAZ_FAK, UNI_ID_UNI) VALUES (7, 'Poljoprivredni fakultet', 123); INSERT INTO FAKULTET (ID_FAK, NAZ_FAK, UNI_ID_UNI) VALUES (8, 'VPSSS', 123);

insert into SMER (SIFRA_SMERA, NAZ_SMERA, FAK_ID_FAK, FAK_UNI_ID_UNI) values (1, 'Librarian', 7, 123); insert into SMER (SIFRA_SMERA, NAZ_SMERA, FAK_ID_FAK, FAK_UNI_ID_UNI) values (2, 'Web Designer II', 8, 123); insert into SMER (SIFRA_SMERA, NAZ_SMERA, FAK_ID_FAK, FAK_UNI_ID_UNI) values (3, 'Account Executive', 6, 123); insert into SMER (SIFRA_SMERA, NAZ_SMERA, FAK_ID_FAK, FAK_UNI_ID_UNI) values (4, 'Speech Pathologist', 8, 123); insert into SMER (SIFRA_SMERA, NAZ_SMERA, FAK_ID_FAK, FAK_UNI_ID_UNI) values (5, 'Financial Advisor', 4, 123); insert into SMER (SIFRA_SMERA, NAZ_SMERA, FAK_ID_FAK, FAK_UNI_ID_UNI) values (6, 'Software Test Engineer III', 1, 123); insert into SMER (SIFRA_SMERA, NAZ_SMERA, FAK_ID_FAK, FAK_UNI_ID_UNI) values (7, 'Cost Accountant', 1, 123); insert into SMER (SIFRA_SMERA, NAZ_SMERA, FAK_ID_FAK, FAK_UNI_ID_UNI) values (8, 'Programmer I', 3, 123); insert into SMER (SIFRA_SMERA, NAZ_SMERA, FAK_ID_FAK, FAK_UNI_ID_UNI) values (9, 'Mechanical Systems Engineer', 7, 123); insert into SMER (SIFRA_SMERA, NAZ_SMERA, FAK_ID_FAK, FAK_UNI_ID_UNI) values (10, 'Senior Editor', 2, 123); insert into SMER (SIFRA_SMERA, NAZ_SMERA, FAK_ID_FAK, FAK_UNI_ID_UNI) values (11, 'Environmental Tech', 2, 123); insert into SMER (SIFRA_SMERA, NAZ_SMERA, FAK_ID_FAK, FAK_UNI_ID_UNI) values (12, 'Electrical Engineer', 2, 123); insert into SMER (SIFRA_SMERA, NAZ_SMERA, FAK_ID_FAK, FAK_UNI_ID_UNI) values (13, 'Electrical Engineer', 2, 123); insert into SMER (SIFRA_SMERA, NAZ_SMERA, FAK_ID_FAK, FAK_UNI_ID_UNI) values (14, 'Operator', 1, 123); insert into SMER (SIFRA_SMERA, NAZ_SMERA, FAK_ID_FAK, FAK_UNI_ID_UNI) values (15, 'Chemical Engineer', 6, 123); insert into SMER (SIFRA_SMERA, NAZ_SMERA, FAK_ID_FAK, FAK_UNI_ID_UNI) values (16, 'Research Nurse', 1, 123); insert into SMER (SIFRA_SMERA, NAZ_SMERA, FAK_ID_FAK, FAK_UNI_ID_UNI) values (17, 'Compensation Analyst', 3, 123); insert into SMER (SIFRA_SMERA, NAZ_SMERA, FAK_ID_FAK, FAK_UNI_ID_UNI) values (18, 'Account Coordinator', 4, 123); insert into SMER (SIFRA_SMERA, NAZ_SMERA, FAK_ID_FAK, FAK_UNI_ID_UNI) values (19, 'Pharmacist', 2, 123); insert into SMER (SIFRA_SMERA, NAZ_SMERA, FAK_ID_FAK, FAK_UNI_ID_UNI) values (20, 'Marketing Manager', 5, 123); insert into SMER (SIFRA_SMERA, NAZ_SMERA, FAK_ID_FAK, FAK_UNI_ID_UNI) values (21, 'Professor', 7, 123); insert into SMER (SIFRA_SMERA, NAZ_SMERA, FAK_ID_FAK, FAK_UNI_ID_UNI) values (22, 'Geological Engineer', 8, 123); insert into SMER (SIFRA_SMERA, NAZ_SMERA, FAK_ID_FAK, FAK_UNI_ID_UNI) values (23, 'VP Accounting', 3, 123); insert into SMER (SIFRA_SMERA, NAZ_SMERA, FAK_ID_FAK, FAK_UNI_ID_UNI) values (24, 'Business Systems Development Analyst', 6, 123); insert into SMER (SIFRA_SMERA, NAZ_SMERA, FAK_ID_FAK, FAK_UNI_ID_UNI) values (25, 'Actuary', 5, 123); insert into SMER (SIFRA_SMERA, NAZ_SMERA, FAK_ID_FAK, FAK_UNI_ID_UNI) values (26, 'Legal Assistant', 7, 123); insert into SMER (SIFRA_SMERA, NAZ_SMERA, FAK_ID_FAK, FAK_UNI_ID_UNI) values (27, 'Assistant Media Planner', 1, 123); insert into SMER (SIFRA_SMERA, NAZ_SMERA, FAK_ID_FAK, FAK_UNI_ID_UNI) values (28, 'Recruiter', 8, 123); insert into SMER (SIFRA_SMERA, NAZ_SMERA, FAK_ID_FAK, FAK_UNI_ID_UNI) values (29, 'Social Worker', 3, 123); insert into SMER (SIFRA_SMERA, NAZ_SMERA, FAK_ID_FAK, FAK_UNI_ID_UNI) values (30, 'Graphic Designer', 7, 123); insert into SMER (SIFRA_SMERA, NAZ_SMERA, FAK_ID_FAK, FAK_UNI_ID_UNI) values (31, 'Marketing Assistant', 4, 123); insert into SMER (SIFRA_SMERA, NAZ_SMERA, FAK_ID_FAK, FAK_UNI_ID_UNI) values (32, 'Recruiting Manager', 4, 123); insert into SMER (SIFRA_SMERA, NAZ_SMERA, FAK_ID_FAK, FAK_UNI_ID_UNI) values (33, 'Environmental Specialist', 2, 123); insert into SMER (SIFRA_SMERA, NAZ_SMERA, FAK_ID_FAK, FAK_UNI_ID_UNI) values (34, 'Sales Associate', 8, 123); insert into SMER (SIFRA_SMERA, NAZ_SMERA, FAK_ID_FAK, FAK_UNI_ID_UNI) values (35, 'Research Nurse', 1, 123); insert into SMER (SIFRA_SMERA, NAZ_SMERA, FAK_ID_FAK, FAK_UNI_ID_UNI) values (36, 'Structural Analysis Engineer', 7, 123); insert into SMER (SIFRA_SMERA, NAZ_SMERA, FAK_ID_FAK, FAK_UNI_ID_UNI) values (37, 'Senior Quality Engineer', 5, 123); insert into SMER (SIFRA_SMERA, NAZ_SMERA, FAK_ID_FAK, FAK_UNI_ID_UNI) values (38, 'Senior Financial Analyst', 2, 123); insert into SMER (SIFRA_SMERA, NAZ_SMERA, FAK_ID_FAK, FAK_UNI_ID_UNI) values (39, 'Director of Sales', 8, 123); insert into SMER (SIFRA_SMERA, NAZ_SMERA, FAK_ID_FAK, FAK_UNI_ID_UNI) values (40, 'Assistant Media Planner', 1, 123); insert into SMER (SIFRA_SMERA, NAZ_SMERA, FAK_ID_FAK, FAK_UNI_ID_UNI) values (41, 'Safety Technician III', 4, 123); insert into SMER (SIFRA_SMERA, NAZ_SMERA, FAK_ID_FAK, FAK_UNI_ID_UNI) values (42, 'VP Accounting', 3, 123); insert into SMER (SIFRA_SMERA, NAZ_SMERA, FAK_ID_FAK, FAK_UNI_ID_UNI) values (43, 'Senior Developer', 2, 123); insert into SMER (SIFRA_SMERA, NAZ_SMERA, FAK_ID_FAK, FAK_UNI_ID_UNI) values (44, 'Community Outreach Specialist', 8, 123); insert into SMER (SIFRA_SMERA, NAZ_SMERA, FAK_ID_FAK, FAK_UNI_ID_UNI) values (45, 'Account Executive', 7, 123); insert into SMER (SIFRA_SMERA, NAZ_SMERA, FAK_ID_FAK, FAK_UNI_ID_UNI) values (46, 'Food Chemist', 3, 123); insert into SMER (SIFRA_SMERA, NAZ_SMERA, FAK_ID_FAK, FAK_UNI_ID_UNI) values (47, 'Structural Engineer', 1, 123); insert into SMER (SIFRA_SMERA, NAZ_SMERA, FAK_ID_FAK, FAK_UNI_ID_UNI) values (48, 'Programmer Analyst II', 3, 123); insert into SMER (SIFRA_SMERA, NAZ_SMERA, FAK_ID_FAK, FAK_UNI_ID_UNI) values (49, 'Cost Accountant', 2, 123); insert into SMER (SIFRA_SMERA, NAZ_SMERA, FAK_ID_FAK, FAK_UNI_ID_UNI) values (50, 'Community Outreach Specialist', 3, 123); insert into SMER (SIFRA_SMERA, NAZ_SMERA, FAK_ID_FAK, FAK_UNI_ID_UNI) values (51, 'Computer Systems Analyst IV', 1, 123); insert into SMER (SIFRA_SMERA, NAZ_SMERA, FAK_ID_FAK, FAK_UNI_ID_UNI) values (52, 'Desktop Support Technician', 4, 123); insert into SMER (SIFRA_SMERA, NAZ_SMERA, FAK_ID_FAK, FAK_UNI_ID_UNI) values (53, 'Tax Accountant', 2, 123); insert into SMER (SIFRA_SMERA, NAZ_SMERA, FAK_ID_FAK, FAK_UNI_ID_UNI) values (54, 'Pharmacist', 3, 123); insert into SMER (SIFRA_SMERA, NAZ_SMERA, FAK_ID_FAK, FAK_UNI_ID_UNI) values (55, 'Account Representative IV', 6, 123); insert into SMER (SIFRA_SMERA, NAZ_SMERA, FAK_ID_FAK, FAK_UNI_ID_UNI) values (56, 'Analog Circuit Design manager', 6, 123); insert into SMER (SIFRA_SMERA, NAZ_SMERA, FAK_ID_FAK, FAK_UNI_ID_UNI) values (57, 'Biostatistician I', 8, 123); insert into SMER (SIFRA_SMERA, NAZ_SMERA, FAK_ID_FAK, FAK_UNI_ID_UNI) values (58, 'Senior Cost Accountant', 4, 123); insert into SMER (SIFRA_SMERA, NAZ_SMERA, FAK_ID_FAK, FAK_UNI_ID_UNI) values (59, 'Recruiting Manager', 1, 123); insert into SMER (SIFRA_SMERA, NAZ_SMERA, FAK_ID_FAK, FAK_UNI_ID_UNI) values (60, 'Structural Analysis Engineer', 2, 123); insert into SMER (SIFRA_SMERA, NAZ_SMERA, FAK_ID_FAK, FAK_UNI_ID_UNI) values (61, 'Senior Quality Engineer', 7, 123); insert into SMER (SIFRA_SMERA, NAZ_SMERA, FAK_ID_FAK, FAK_UNI_ID_UNI) values (62, 'Project Manager', 4, 123); insert into SMER (SIFRA_SMERA, NAZ_SMERA, FAK_ID_FAK, FAK_UNI_ID_UNI) values (63, 'Pharmacist', 2, 123); insert into SMER (SIFRA_SMERA, NAZ_SMERA, FAK_ID_FAK, FAK_UNI_ID_UNI) values (64, 'VP Marketing', 3, 123); insert into SMER (SIFRA_SMERA, NAZ_SMERA, FAK_ID_FAK, FAK_UNI_ID_UNI) values (65, 'Occupational Therapist', 7, 123); insert into SMER (SIFRA_SMERA, NAZ_SMERA, FAK_ID_FAK, FAK_UNI_ID_UNI) values (66, 'Desktop Support Technician', 8, 123); insert into SMER (SIFRA_SMERA, NAZ_SMERA, FAK_ID_FAK, FAK_UNI_ID_UNI) values (67, 'Legal Assistant', 5, 123); insert into SMER (SIFRA_SMERA, NAZ_SMERA, FAK_ID_FAK, FAK_UNI_ID_UNI) values (68, 'Senior Developer', 5, 123); insert into SMER (SIFRA_SMERA, NAZ_SMERA, FAK_ID_FAK, FAK_UNI_ID_UNI) values (69, 'Internal Auditor', 4, 123); insert into SMER (SIFRA_SMERA, NAZ_SMERA, FAK_ID_FAK, FAK_UNI_ID_UNI) values (70, 'Nuclear Power Engineer', 3, 123);

INSERT INTO DRZAVA (ID_DRZAVE,NAZ_DRZAVE) VALUES (121,'Jamaica'); INSERT INTO DRZAVA (ID_DRZAVE,NAZ_DRZAVE) VALUES (122,'Bonaire, Sint Eustatius and Saba'); INSERT INTO DRZAVA (ID_DRZAVE,NAZ_DRZAVE) VALUES (123,'Andorra'); INSERT INTO DRZAVA (ID_DRZAVE,NAZ_DRZAVE) VALUES (124,'Burundi'); INSERT INTO DRZAVA (ID_DRZAVE,NAZ_DRZAVE) VALUES (125,'Syria'); INSERT INTO DRZAVA (ID_DRZAVE,NAZ_DRZAVE) VALUES (126,'Guyana'); INSERT INTO DRZAVA (ID_DRZAVE,NAZ_DRZAVE) VALUES (127,'Seychelles'); INSERT INTO DRZAVA (ID_DRZAVE,NAZ_DRZAVE) VALUES (128,'Madagascar'); INSERT INTO DRZAVA (ID_DRZAVE,NAZ_DRZAVE) VALUES (129,'Zambia'); INSERT INTO DRZAVA (ID_DRZAVE,NAZ_DRZAVE) VALUES (130,'Belarus'); INSERT INTO DRZAVA (ID_DRZAVE,NAZ_DRZAVE) VALUES (131,'Belarus'); INSERT INTO DRZAVA (ID_DRZAVE,NAZ_DRZAVE) VALUES (132,'Senegal'); INSERT INTO DRZAVA (ID_DRZAVE,NAZ_DRZAVE) VALUES (133,'Uruguay'); INSERT INTO DRZAVA (ID_DRZAVE,NAZ_DRZAVE) VALUES (134,'Belarus'); INSERT INTO DRZAVA (ID_DRZAVE,NAZ_DRZAVE) VALUES (135,'Cyprus'); INSERT INTO DRZAVA (ID_DRZAVE,NAZ_DRZAVE) VALUES (136,'Djibouti'); INSERT INTO DRZAVA (ID_DRZAVE,NAZ_DRZAVE) VALUES (137,'British Indian Ocean Territory'); INSERT INTO DRZAVA (ID_DRZAVE,NAZ_DRZAVE) VALUES (138,'Mayotte'); INSERT INTO DRZAVA (ID_DRZAVE,NAZ_DRZAVE) VALUES (139,'Panama'); INSERT INTO DRZAVA (ID_DRZAVE,NAZ_DRZAVE) VALUES (140,'Mayotte'); INSERT INTO DRZAVA (ID_DRZAVE,NAZ_DRZAVE) VALUES (141,'Hungary'); INSERT INTO DRZAVA (ID_DRZAVE,NAZ_DRZAVE) VALUES (142,'Maldives'); INSERT INTO DRZAVA (ID_DRZAVE,NAZ_DRZAVE) VALUES (143,'United States'); INSERT INTO DRZAVA (ID_DRZAVE,NAZ_DRZAVE) VALUES (144,'Niger'); INSERT INTO DRZAVA (ID_DRZAVE,NAZ_DRZAVE) VALUES (145,'Suriname'); INSERT INTO DRZAVA (ID_DRZAVE,NAZ_DRZAVE) VALUES (146,'Togo'); INSERT INTO DRZAVA (ID_DRZAVE,NAZ_DRZAVE) VALUES (147,'Laos'); INSERT INTO DRZAVA (ID_DRZAVE,NAZ_DRZAVE) VALUES (148,'Angola'); INSERT INTO DRZAVA (ID_DRZAVE,NAZ_DRZAVE) VALUES (149,'Vanuatu'); INSERT INTO DRZAVA (ID_DRZAVE,NAZ_DRZAVE) VALUES (150,'Thailand'); INSERT INTO DRZAVA (ID_DRZAVE,NAZ_DRZAVE) VALUES (151,'Poland'); INSERT INTO DRZAVA (ID_DRZAVE,NAZ_DRZAVE) VALUES (152,'Indonesia'); INSERT INTO DRZAVA (ID_DRZAVE,NAZ_DRZAVE) VALUES (153,'Samoa'); INSERT INTO DRZAVA (ID_DRZAVE,NAZ_DRZAVE) VALUES (154,'Aruba'); INSERT INTO DRZAVA (ID_DRZAVE,NAZ_DRZAVE) VALUES (155,'Bhutan'); INSERT INTO DRZAVA (ID_DRZAVE,NAZ_DRZAVE) VALUES (156,'Jersey'); INSERT INTO DRZAVA (ID_DRZAVE,NAZ_DRZAVE) VALUES (157,'India'); INSERT INTO DRZAVA (ID_DRZAVE,NAZ_DRZAVE) VALUES (158,'Uzbekistan'); INSERT INTO DRZAVA (ID_DRZAVE,NAZ_DRZAVE) VALUES (159,'Dominica'); INSERT INTO DRZAVA (ID_DRZAVE,NAZ_DRZAVE) VALUES (160,'Laos'); INSERT INTO DRZAVA (ID_DRZAVE,NAZ_DRZAVE) VALUES (161,'Mayotte'); INSERT INTO DRZAVA (ID_DRZAVE,NAZ_DRZAVE) VALUES (162,'Jamaica'); INSERT INTO DRZAVA (ID_DRZAVE,NAZ_DRZAVE) VALUES (163,'British Indian Ocean Territory'); INSERT INTO DRZAVA (ID_DRZAVE,NAZ_DRZAVE) VALUES (164,'Austria'); INSERT INTO DRZAVA (ID_DRZAVE,NAZ_DRZAVE) VALUES (165,'Congo, the Democratic Republic of the'); INSERT INTO DRZAVA (ID_DRZAVE,NAZ_DRZAVE) VALUES (166,'Montserrat'); INSERT INTO DRZAVA (ID_DRZAVE,NAZ_DRZAVE) VALUES (167,'Gibraltar'); INSERT INTO DRZAVA (ID_DRZAVE,NAZ_DRZAVE) VALUES (168,'Slovenia'); INSERT INTO DRZAVA (ID_DRZAVE,NAZ_DRZAVE) VALUES (169,'Chile'); INSERT INTO DRZAVA (ID_DRZAVE,NAZ_DRZAVE) VALUES (170,'Bouvet Island'); INSERT INTO DRZAVA (ID_DRZAVE,NAZ_DRZAVE) VALUES (171,'Sierra Leone'); INSERT INTO DRZAVA (ID_DRZAVE,NAZ_DRZAVE) VALUES (172,'Nicaragua'); INSERT INTO DRZAVA (ID_DRZAVE,NAZ_DRZAVE) VALUES (173,'Thailand'); INSERT INTO DRZAVA (ID_DRZAVE,NAZ_DRZAVE) VALUES (174,'United Arab Emirates'); INSERT INTO DRZAVA (ID_DRZAVE,NAZ_DRZAVE) VALUES (175,'Sint Maarten'); INSERT INTO DRZAVA (ID_DRZAVE,NAZ_DRZAVE) VALUES (176,'Congo, the Democratic Republic of the'); INSERT INTO DRZAVA (ID_DRZAVE,NAZ_DRZAVE) VALUES (177,'Ukraine'); INSERT INTO DRZAVA (ID_DRZAVE,NAZ_DRZAVE) VALUES (178,'El Salvador'); INSERT INTO DRZAVA (ID_DRZAVE,NAZ_DRZAVE) VALUES (179,'Spain'); INSERT INTO DRZAVA (ID_DRZAVE,NAZ_DRZAVE) VALUES (180,'Korea, North'); INSERT INTO DRZAVA (ID_DRZAVE,NAZ_DRZAVE) VALUES (181,'French Southern Territories'); INSERT INTO DRZAVA (ID_DRZAVE,NAZ_DRZAVE) VALUES (182,'Tunisia'); INSERT INTO DRZAVA (ID_DRZAVE,NAZ_DRZAVE) VALUES (183,'British Indian Ocean Territory'); INSERT INTO DRZAVA (ID_DRZAVE,NAZ_DRZAVE) VALUES (184,'Montserrat'); INSERT INTO DRZAVA (ID_DRZAVE,NAZ_DRZAVE) VALUES (185,'Mongolia'); INSERT INTO DRZAVA (ID_DRZAVE,NAZ_DRZAVE) VALUES (186,'Pitcairn Islands'); INSERT INTO DRZAVA (ID_DRZAVE,NAZ_DRZAVE) VALUES (187,'Argentina'); INSERT INTO DRZAVA (ID_DRZAVE,NAZ_DRZAVE) VALUES (188,'Sierra Leone'); INSERT INTO DRZAVA (ID_DRZAVE,NAZ_DRZAVE) VALUES (189,'Korea, South'); INSERT INTO DRZAVA (ID_DRZAVE,NAZ_DRZAVE) VALUES (190,'Isle of Man'); INSERT INTO DRZAVA (ID_DRZAVE,NAZ_DRZAVE) VALUES (191,'Malta'); INSERT INTO DRZAVA (ID_DRZAVE,NAZ_DRZAVE) VALUES (192,'Mauritius'); INSERT INTO DRZAVA (ID_DRZAVE,NAZ_DRZAVE) VALUES (193,'Martinique'); INSERT INTO DRZAVA (ID_DRZAVE,NAZ_DRZAVE) VALUES (194,'Angola'); INSERT INTO DRZAVA (ID_DRZAVE,NAZ_DRZAVE) VALUES (195,'Guyana'); INSERT INTO DRZAVA (ID_DRZAVE,NAZ_DRZAVE) VALUES (196,'Chile'); INSERT INTO DRZAVA (ID_DRZAVE,NAZ_DRZAVE) VALUES (197,'Honduras'); INSERT INTO DRZAVA (ID_DRZAVE,NAZ_DRZAVE) VALUES (198,'Grenada'); INSERT INTO DRZAVA (ID_DRZAVE,NAZ_DRZAVE) VALUES (199,'Canada'); INSERT INTO DRZAVA (ID_DRZAVE,NAZ_DRZAVE) VALUES (200,'Sao Tome and Principe'); INSERT INTO DRZAVA (ID_DRZAVE,NAZ_DRZAVE) VALUES (201,'Dominican Republic'); INSERT INTO DRZAVA (ID_DRZAVE,NAZ_DRZAVE) VALUES (202,'Syria'); INSERT INTO DRZAVA (ID_DRZAVE,NAZ_DRZAVE) VALUES (203,'Algeria'); INSERT INTO DRZAVA (ID_DRZAVE,NAZ_DRZAVE) VALUES (204,'Swaziland'); INSERT INTO DRZAVA (ID_DRZAVE,NAZ_DRZAVE) VALUES (205,'Sint Maarten'); INSERT INTO DRZAVA (ID_DRZAVE,NAZ_DRZAVE) VALUES (206,'Tuvalu'); INSERT INTO DRZAVA (ID_DRZAVE,NAZ_DRZAVE) VALUES (207,'Niger'); INSERT INTO DRZAVA (ID_DRZAVE,NAZ_DRZAVE) VALUES (208,'Zimbabwe'); INSERT INTO DRZAVA (ID_DRZAVE,NAZ_DRZAVE) VALUES (209,'Estonia'); INSERT INTO DRZAVA (ID_DRZAVE,NAZ_DRZAVE) VALUES (210,'Cuba'); INSERT INTO DRZAVA (ID_DRZAVE,NAZ_DRZAVE) VALUES (211,'British Indian Ocean Territory'); INSERT INTO DRZAVA (ID_DRZAVE,NAZ_DRZAVE) VALUES (212,'Tanzania'); INSERT INTO DRZAVA (ID_DRZAVE,NAZ_DRZAVE) VALUES (213,'Ukraine'); INSERT INTO DRZAVA (ID_DRZAVE,NAZ_DRZAVE) VALUES (214,'Tunisia'); INSERT INTO DRZAVA (ID_DRZAVE,NAZ_DRZAVE) VALUES (215,'Heard Island and Mcdonald Islands'); INSERT INTO DRZAVA (ID_DRZAVE,NAZ_DRZAVE) VALUES (216,'Nepal'); INSERT INTO DRZAVA (ID_DRZAVE,NAZ_DRZAVE) VALUES (217,'Pakistan'); INSERT INTO DRZAVA (ID_DRZAVE,NAZ_DRZAVE) VALUES (218,'Cuba'); INSERT INTO DRZAVA (ID_DRZAVE,NAZ_DRZAVE) VALUES (219,'Iran'); INSERT INTO DRZAVA (ID_DRZAVE,NAZ_DRZAVE) VALUES (220,'Kazakhstan');

INSERT INTO GRAD (ID_GRADA,NAZ_GRADA,DRZAVA_ID_DRZAVE) VALUES (121,'Gwalior',121); INSERT INTO GRAD (ID_GRADA,NAZ_GRADA,DRZAVA_ID_DRZAVE) VALUES (122,'Kurram Agency',122); INSERT INTO GRAD (ID_GRADA,NAZ_GRADA,DRZAVA_ID_DRZAVE) VALUES (123,'Isla de Pascua',123); INSERT INTO GRAD (ID_GRADA,NAZ_GRADA,DRZAVA_ID_DRZAVE) VALUES (124,'Saguenay',124); INSERT INTO GRAD (ID_GRADA,NAZ_GRADA,DRZAVA_ID_DRZAVE) VALUES (125,'Camaragibe',125); INSERT INTO GRAD (ID_GRADA,NAZ_GRADA,DRZAVA_ID_DRZAVE) VALUES (126,'Morinville',126); INSERT INTO GRAD (ID_GRADA,NAZ_GRADA,DRZAVA_ID_DRZAVE) VALUES (127,'Annan',127); INSERT INTO GRAD (ID_GRADA,NAZ_GRADA,DRZAVA_ID_DRZAVE) VALUES (128,'Grand Island',128); INSERT INTO GRAD (ID_GRADA,NAZ_GRADA,DRZAVA_ID_DRZAVE) VALUES (129,'Asbestos',129); INSERT INTO GRAD (ID_GRADA,NAZ_GRADA,DRZAVA_ID_DRZAVE) VALUES (130,'Incheon',130); INSERT INTO GRAD (ID_GRADA,NAZ_GRADA,DRZAVA_ID_DRZAVE) VALUES (131,'Trieste',131); INSERT INTO GRAD (ID_GRADA,NAZ_GRADA,DRZAVA_ID_DRZAVE) VALUES (132,'Flin Flon',132); INSERT INTO GRAD (ID_GRADA,NAZ_GRADA,DRZAVA_ID_DRZAVE) VALUES (133,'Châtellerault',133); INSERT INTO GRAD (ID_GRADA,NAZ_GRADA,DRZAVA_ID_DRZAVE) VALUES (134,'Springfield',134); INSERT INTO GRAD (ID_GRADA,NAZ_GRADA,DRZAVA_ID_DRZAVE) VALUES (135,'Renfrew',135); INSERT INTO GRAD (ID_GRADA,NAZ_GRADA,DRZAVA_ID_DRZAVE) VALUES (136,'Rochester',136); INSERT INTO GRAD (ID_GRADA,NAZ_GRADA,DRZAVA_ID_DRZAVE) VALUES (137,'Sittard',137); INSERT INTO GRAD (ID_GRADA,NAZ_GRADA,DRZAVA_ID_DRZAVE) VALUES (138,'Valmacca',138); INSERT INTO GRAD (ID_GRADA,NAZ_GRADA,DRZAVA_ID_DRZAVE) VALUES (139,'Rakitnoye',139); INSERT INTO GRAD (ID_GRADA,NAZ_GRADA,DRZAVA_ID_DRZAVE) VALUES (140,'Ghotki',140); INSERT INTO GRAD (ID_GRADA,NAZ_GRADA,DRZAVA_ID_DRZAVE) VALUES (141,'Ingelheim',141); INSERT INTO GRAD (ID_GRADA,NAZ_GRADA,DRZAVA_ID_DRZAVE) VALUES (142,'Zamość',142); INSERT INTO GRAD (ID_GRADA,NAZ_GRADA,DRZAVA_ID_DRZAVE) VALUES (143,'Cantley',143); INSERT INTO GRAD (ID_GRADA,NAZ_GRADA,DRZAVA_ID_DRZAVE) VALUES (144,'Sheikhupura',144); INSERT INTO GRAD (ID_GRADA,NAZ_GRADA,DRZAVA_ID_DRZAVE) VALUES (145,'Darion',145); INSERT INTO GRAD (ID_GRADA,NAZ_GRADA,DRZAVA_ID_DRZAVE) VALUES (146,'Dyatkovo',146); INSERT INTO GRAD (ID_GRADA,NAZ_GRADA,DRZAVA_ID_DRZAVE) VALUES (147,'Torres del Paine',147); INSERT INTO GRAD (ID_GRADA,NAZ_GRADA,DRZAVA_ID_DRZAVE) VALUES (148,'Gjoa Haven',148); INSERT INTO GRAD (ID_GRADA,NAZ_GRADA,DRZAVA_ID_DRZAVE) VALUES (149,'Maunath Bhanjan',149); INSERT INTO GRAD (ID_GRADA,NAZ_GRADA,DRZAVA_ID_DRZAVE) VALUES (150,'Roma',150); INSERT INTO GRAD (ID_GRADA,NAZ_GRADA,DRZAVA_ID_DRZAVE) VALUES (151,'GomzŽ-Andoumont',151); INSERT INTO GRAD (ID_GRADA,NAZ_GRADA,DRZAVA_ID_DRZAVE) VALUES (152,'Sparwood',152); INSERT INTO GRAD (ID_GRADA,NAZ_GRADA,DRZAVA_ID_DRZAVE) VALUES (153,'Duisburg',153); INSERT INTO GRAD (ID_GRADA,NAZ_GRADA,DRZAVA_ID_DRZAVE) VALUES (154,'Murmansk',154); INSERT INTO GRAD (ID_GRADA,NAZ_GRADA,DRZAVA_ID_DRZAVE) VALUES (155,'Neunkirchen',155); INSERT INTO GRAD (ID_GRADA,NAZ_GRADA,DRZAVA_ID_DRZAVE) VALUES (156,'Frasnes-lez-Gosselies',156); INSERT INTO GRAD (ID_GRADA,NAZ_GRADA,DRZAVA_ID_DRZAVE) VALUES (157,'Chicoutimi',157); INSERT INTO GRAD (ID_GRADA,NAZ_GRADA,DRZAVA_ID_DRZAVE) VALUES (158,'Olympia',158); INSERT INTO GRAD (ID_GRADA,NAZ_GRADA,DRZAVA_ID_DRZAVE) VALUES (159,'Milwaukee',159); INSERT INTO GRAD (ID_GRADA,NAZ_GRADA,DRZAVA_ID_DRZAVE) VALUES (160,'Gujranwala',160); INSERT INTO GRAD (ID_GRADA,NAZ_GRADA,DRZAVA_ID_DRZAVE) VALUES (161,'Olivar',161); INSERT INTO GRAD (ID_GRADA,NAZ_GRADA,DRZAVA_ID_DRZAVE) VALUES (162,'Wetaskiwin',162); INSERT INTO GRAD (ID_GRADA,NAZ_GRADA,DRZAVA_ID_DRZAVE) VALUES (163,'Kostroma',163); INSERT INTO GRAD (ID_GRADA,NAZ_GRADA,DRZAVA_ID_DRZAVE) VALUES (164,'Marystown',164); INSERT INTO GRAD (ID_GRADA,NAZ_GRADA,DRZAVA_ID_DRZAVE) VALUES (165,'Petrolina',165); INSERT INTO GRAD (ID_GRADA,NAZ_GRADA,DRZAVA_ID_DRZAVE) VALUES (166,'Oxford',166); INSERT INTO GRAD (ID_GRADA,NAZ_GRADA,DRZAVA_ID_DRZAVE) VALUES (167,'Salt Lake City',167); INSERT INTO GRAD (ID_GRADA,NAZ_GRADA,DRZAVA_ID_DRZAVE) VALUES (168,'Chittoor',168); INSERT INTO GRAD (ID_GRADA,NAZ_GRADA,DRZAVA_ID_DRZAVE) VALUES (169,'Ussassai',169); INSERT INTO GRAD (ID_GRADA,NAZ_GRADA,DRZAVA_ID_DRZAVE) VALUES (170,'Halle',170); INSERT INTO GRAD (ID_GRADA,NAZ_GRADA,DRZAVA_ID_DRZAVE) VALUES (171,'Erciş',171); INSERT INTO GRAD (ID_GRADA,NAZ_GRADA,DRZAVA_ID_DRZAVE) VALUES (172,'Muiden',172); INSERT INTO GRAD (ID_GRADA,NAZ_GRADA,DRZAVA_ID_DRZAVE) VALUES (173,'Sambhal',173); INSERT INTO GRAD (ID_GRADA,NAZ_GRADA,DRZAVA_ID_DRZAVE) VALUES (174,'Curitiba',174); INSERT INTO GRAD (ID_GRADA,NAZ_GRADA,DRZAVA_ID_DRZAVE) VALUES (175,'Pinneberg',175); INSERT INTO GRAD (ID_GRADA,NAZ_GRADA,DRZAVA_ID_DRZAVE) VALUES (176,'Smoky Lake',176); INSERT INTO GRAD (ID_GRADA,NAZ_GRADA,DRZAVA_ID_DRZAVE) VALUES (177,'Tarzo',177); INSERT INTO GRAD (ID_GRADA,NAZ_GRADA,DRZAVA_ID_DRZAVE) VALUES (178,'Mojokerto',178); INSERT INTO GRAD (ID_GRADA,NAZ_GRADA,DRZAVA_ID_DRZAVE) VALUES (179,'Bath',179); INSERT INTO GRAD (ID_GRADA,NAZ_GRADA,DRZAVA_ID_DRZAVE) VALUES (180,'Develi',180); INSERT INTO GRAD (ID_GRADA,NAZ_GRADA,DRZAVA_ID_DRZAVE) VALUES (181,'Raurkela Civil Township',181); INSERT INTO GRAD (ID_GRADA,NAZ_GRADA,DRZAVA_ID_DRZAVE) VALUES (182,'Bolsward',182); INSERT INTO GRAD (ID_GRADA,NAZ_GRADA,DRZAVA_ID_DRZAVE) VALUES (183,'Te Puke',183); INSERT INTO GRAD (ID_GRADA,NAZ_GRADA,DRZAVA_ID_DRZAVE) VALUES (184,'Schepdaal',184); INSERT INTO GRAD (ID_GRADA,NAZ_GRADA,DRZAVA_ID_DRZAVE) VALUES (185,'Juazeiro',185); INSERT INTO GRAD (ID_GRADA,NAZ_GRADA,DRZAVA_ID_DRZAVE) VALUES (186,'Borchtlombeek',186); INSERT INTO GRAD (ID_GRADA,NAZ_GRADA,DRZAVA_ID_DRZAVE) VALUES (187,'Burnaby',187); INSERT INTO GRAD (ID_GRADA,NAZ_GRADA,DRZAVA_ID_DRZAVE) VALUES (188,'Issime',188); INSERT INTO GRAD (ID_GRADA,NAZ_GRADA,DRZAVA_ID_DRZAVE) VALUES (189,'Sotteville-lès-Rouen',189); INSERT INTO GRAD (ID_GRADA,NAZ_GRADA,DRZAVA_ID_DRZAVE) VALUES (190,'Badin',190); INSERT INTO GRAD (ID_GRADA,NAZ_GRADA,DRZAVA_ID_DRZAVE) VALUES (191,'Bihain',191); INSERT INTO GRAD (ID_GRADA,NAZ_GRADA,DRZAVA_ID_DRZAVE) VALUES (192,'Butte',192); INSERT INTO GRAD (ID_GRADA,NAZ_GRADA,DRZAVA_ID_DRZAVE) VALUES (193,'Feldkirchen in Kärnten',193); INSERT INTO GRAD (ID_GRADA,NAZ_GRADA,DRZAVA_ID_DRZAVE) VALUES (194,'Bauchi',194); INSERT INTO GRAD (ID_GRADA,NAZ_GRADA,DRZAVA_ID_DRZAVE) VALUES (195,'Miramichi',195); INSERT INTO GRAD (ID_GRADA,NAZ_GRADA,DRZAVA_ID_DRZAVE) VALUES (196,'Orbais',196); INSERT INTO GRAD (ID_GRADA,NAZ_GRADA,DRZAVA_ID_DRZAVE) VALUES (197,'Guadalupe',197); INSERT INTO GRAD (ID_GRADA,NAZ_GRADA,DRZAVA_ID_DRZAVE) VALUES (198,'Town of Yarmouth',198); INSERT INTO GRAD (ID_GRADA,NAZ_GRADA,DRZAVA_ID_DRZAVE) VALUES (199,'Ourense',199); INSERT INTO GRAD (ID_GRADA,NAZ_GRADA,DRZAVA_ID_DRZAVE) VALUES (200,'Spruce Grove',200); INSERT INTO GRAD (ID_GRADA,NAZ_GRADA,DRZAVA_ID_DRZAVE) VALUES (201,'Jakarta',201); INSERT INTO GRAD (ID_GRADA,NAZ_GRADA,DRZAVA_ID_DRZAVE) VALUES (202,'Shawville',202); INSERT INTO GRAD (ID_GRADA,NAZ_GRADA,DRZAVA_ID_DRZAVE) VALUES (203,'Ilesa',203); INSERT INTO GRAD (ID_GRADA,NAZ_GRADA,DRZAVA_ID_DRZAVE) VALUES (204,'Coihaique',204); INSERT INTO GRAD (ID_GRADA,NAZ_GRADA,DRZAVA_ID_DRZAVE) VALUES (205,'New Bombay',205); INSERT INTO GRAD (ID_GRADA,NAZ_GRADA,DRZAVA_ID_DRZAVE) VALUES (206,'Saint Louis',206); INSERT INTO GRAD (ID_GRADA,NAZ_GRADA,DRZAVA_ID_DRZAVE) VALUES (207,'Hampstead',207); INSERT INTO GRAD (ID_GRADA,NAZ_GRADA,DRZAVA_ID_DRZAVE) VALUES (208,'Saint-Herblain',208); INSERT INTO GRAD (ID_GRADA,NAZ_GRADA,DRZAVA_ID_DRZAVE) VALUES (209,'Gloucester',209); INSERT INTO GRAD (ID_GRADA,NAZ_GRADA,DRZAVA_ID_DRZAVE) VALUES (210,'Girona',210); INSERT INTO GRAD (ID_GRADA,NAZ_GRADA,DRZAVA_ID_DRZAVE) VALUES (211,'Fürstenwalde',211); INSERT INTO GRAD (ID_GRADA,NAZ_GRADA,DRZAVA_ID_DRZAVE) VALUES (212,'Guaymas',212); INSERT INTO GRAD (ID_GRADA,NAZ_GRADA,DRZAVA_ID_DRZAVE) VALUES (213,'Aizwal',213); INSERT INTO GRAD (ID_GRADA,NAZ_GRADA,DRZAVA_ID_DRZAVE) VALUES (214,'Cabo de Hornos',214); INSERT INTO GRAD (ID_GRADA,NAZ_GRADA,DRZAVA_ID_DRZAVE) VALUES (215,'Sluis',215); INSERT INTO GRAD (ID_GRADA,NAZ_GRADA,DRZAVA_ID_DRZAVE) VALUES (216,'Merseburg',216); INSERT INTO GRAD (ID_GRADA,NAZ_GRADA,DRZAVA_ID_DRZAVE) VALUES (217,'Ciudad Valles',217); INSERT INTO GRAD (ID_GRADA,NAZ_GRADA,DRZAVA_ID_DRZAVE) VALUES (218,'Karak',218); INSERT INTO GRAD (ID_GRADA,NAZ_GRADA,DRZAVA_ID_DRZAVE) VALUES (219,'Watson Lake',219); INSERT INTO GRAD (ID_GRADA,NAZ_GRADA,DRZAVA_ID_DRZAVE) VALUES (220,'Clauzetto',220);

INSERT INTO STATUS_STUDENTA (ID_ST, NAZ_ST, OPIS_ST) VALUES (1, 'Budzet', 'Placa drzava'); 
INSERT INTO STATUS_STUDENTA (ID_ST, NAZ_ST, OPIS_ST) VALUES (2, 'Samofinansiranje', 'Placaju roditelji');
INSERT INTO STATUS_STUDENTA (ID_ST, NAZ_ST) VALUES (3, 'Strani budzet');
INSERT INTO STATUS_STUDENTA (ID_ST, NAZ_ST) VALUES (4, 'Nacionalna manjina');

INSERT INTO CENOVNIK (DAT_PV,DAT_ZV,CENA_OB,OB_SIFRA_OB,STATUS_STUD_ID_ST) VALUES (TO_DATE('2006-01-22', 'yyyy-mm-dd'),TO_DATE('2020-09-04', 'yyyy-mm-dd'),124,1,1); 
INSERT INTO CENOVNIK (DAT_PV,DAT_ZV,CENA_OB,OB_SIFRA_OB,STATUS_STUD_ID_ST) VALUES (TO_DATE('2017-06-17', 'yyyy-mm-dd'),TO_DATE('2020-11-04', 'yyyy-mm-dd'),206,2,1); 
INSERT INTO CENOVNIK (DAT_PV,DAT_ZV,CENA_OB,OB_SIFRA_OB,STATUS_STUD_ID_ST) VALUES (TO_DATE('2015-09-14', 'yyyy-mm-dd'),TO_DATE('2020-08-25', 'yyyy-mm-dd'),477,3,1); 
INSERT INTO CENOVNIK (DAT_PV,DAT_ZV,CENA_OB,OB_SIFRA_OB,STATUS_STUD_ID_ST) VALUES (TO_DATE('2013-10-15', 'yyyy-mm-dd'),TO_DATE('2020-05-28', 'yyyy-mm-dd'),478,1,2); 
INSERT INTO CENOVNIK (DAT_PV,DAT_ZV,CENA_OB,OB_SIFRA_OB,STATUS_STUD_ID_ST) VALUES (TO_DATE('2013-05-03', 'yyyy-mm-dd'),TO_DATE('2020-11-20', 'yyyy-mm-dd'),151,2,2); 
INSERT INTO CENOVNIK (DAT_PV,DAT_ZV,CENA_OB,OB_SIFRA_OB,STATUS_STUD_ID_ST) VALUES (TO_DATE('2011-06-17', 'yyyy-mm-dd'),TO_DATE('2020-07-01', 'yyyy-mm-dd'),99,3,2); 
INSERT INTO CENOVNIK (DAT_PV,DAT_ZV,CENA_OB,OB_SIFRA_OB,STATUS_STUD_ID_ST) VALUES (TO_DATE('2018-07-11', 'yyyy-mm-dd'),TO_DATE('2020-04-02', 'yyyy-mm-dd'),147,1,3); 
INSERT INTO CENOVNIK (DAT_PV,DAT_ZV,CENA_OB,OB_SIFRA_OB,STATUS_STUD_ID_ST) VALUES (TO_DATE('2018-12-01', 'yyyy-mm-dd'),TO_DATE('2020-02-14', 'yyyy-mm-dd'),237,2,3); 
INSERT INTO CENOVNIK (DAT_PV,DAT_ZV,CENA_OB,OB_SIFRA_OB,STATUS_STUD_ID_ST) VALUES (TO_DATE('2013-07-08', 'yyyy-mm-dd'),TO_DATE('2021-01-08', 'yyyy-mm-dd'),232,3,3); 
INSERT INTO CENOVNIK (DAT_PV,DAT_ZV,CENA_OB,OB_SIFRA_OB,STATUS_STUD_ID_ST) VALUES (TO_DATE('2018-10-24', 'yyyy-mm-dd'),TO_DATE('2021-01-26', 'yyyy-mm-dd'),66,1,4); 
INSERT INTO CENOVNIK (DAT_PV,DAT_ZV,CENA_OB,OB_SIFRA_OB,STATUS_STUD_ID_ST) VALUES (TO_DATE('2009-01-24', 'yyyy-mm-dd'),TO_DATE('2021-01-21', 'yyyy-mm-dd'),377,2,4); 
INSERT INTO CENOVNIK (DAT_PV,DAT_ZV,CENA_OB,OB_SIFRA_OB,STATUS_STUD_ID_ST) VALUES (TO_DATE('2014-09-23', 'yyyy-mm-dd'),TO_DATE('2020-03-24', 'yyyy-mm-dd'),434,3,4); 

INSERT INTO KASA (ID_KASE) VALUES (1); 
INSERT INTO KASA (ID_KASE) VALUES (2); 
INSERT INTO KASA (ID_KASE) VALUES (3); 
INSERT INTO KASA (ID_KASE) VALUES (4); 

INSERT INTO STUDENTSKA_KARTICA (BR_KAR,ISIC_BR,JMBG_STUD,BR_IND,GOD_UPISA,IME_STUD,PREZ_STUD,DAT_RODJ_STUD,DAT_VAZ_KAR,DAT_VADJ_KAR,STATUS_STUD_ID_ST,ID_GRADA_MS,ID_DRZAVE_MS,ID_GRADA_MR,ID_DRZAVE_MR,SMER_SIFRA_SMERA,SMER_FAK_ID_FAK,SMER_FAK_UNI_ID_UNI,DAT_VAZ_ST,ULICA,BR_ULICE) 
VALUES (800,'FXF71ZKH2SL',2170346708036,'F1M 5G2',2014,'Benedict','Phillips',TO_DATE('1992-06-13', 'yyyy-mm-dd'),TO_DATE('2021-03-15', 'yyyy-mm-dd'),TO_DATE('2019-07-15', 'yyyy-mm-dd'),3,121,121,220,220,43,2,123,TO_DATE('2022-10-06', 'yyyy-mm-dd'),'Quisque Avenue',14);

INSERT INTO STUDENTSKA_KARTICA (BR_KAR,ISIC_BR,JMBG_STUD,BR_IND,GOD_UPISA,IME_STUD,PREZ_STUD,DAT_RODJ_STUD,DAT_VAZ_KAR,DAT_VADJ_KAR,STATUS_STUD_ID_ST,ID_GRADA_MS,ID_DRZAVE_MS,ID_GRADA_MR,ID_DRZAVE_MR,SMER_SIFRA_SMERA,SMER_FAK_ID_FAK,SMER_FAK_UNI_ID_UNI,DAT_VAZ_ST,ULICA,BR_ULICE) 
VALUES (801,'XVG37AXR4AV',8464797018095,'X5I 5R1',2018,'Gavin','Brady',TO_DATE('1998-12-01', 'yyyy-mm-dd'),TO_DATE('2021-03-17', 'yyyy-mm-dd'),TO_DATE('2019-02-23', 'yyyy-mm-dd'),4,122,122,219,219,43,2,123,TO_DATE('2021-11-13', 'yyyy-mm-dd'),'5174 Natoque Ave',207); 

INSERT INTO STUDENTSKA_KARTICA (BR_KAR,ISIC_BR,JMBG_STUD,BR_IND,GOD_UPISA,IME_STUD,PREZ_STUD,DAT_RODJ_STUD,DAT_VAZ_KAR,DAT_VADJ_KAR,STATUS_STUD_ID_ST,ID_GRADA_MS,ID_DRZAVE_MS,ID_GRADA_MR,ID_DRZAVE_MR,SMER_SIFRA_SMERA,SMER_FAK_ID_FAK,SMER_FAK_UNI_ID_UNI,DAT_VAZ_ST,ULICA,BR_ULICE) 
VALUES (802,'MIA19BSA5ZD',1477961134631,'Q5Z 4W9',2019,'Felix','Koch',TO_DATE('1990-03-21', 'yyyy-mm-dd'),TO_DATE('2020-04-09', 'yyyy-mm-dd'),TO_DATE('2019-06-03', 'yyyy-mm-dd'),1,123,123,218,218,43,2,123,TO_DATE('2023-09-22', 'yyyy-mm-dd'),'3874 Velit. Road',142); 

INSERT INTO STUDENTSKA_KARTICA (BR_KAR,ISIC_BR,JMBG_STUD,BR_IND,GOD_UPISA,IME_STUD,PREZ_STUD,DAT_RODJ_STUD,DAT_VAZ_KAR,DAT_VADJ_KAR,STATUS_STUD_ID_ST,ID_GRADA_MS,ID_DRZAVE_MS,ID_GRADA_MR,ID_DRZAVE_MR,SMER_SIFRA_SMERA,SMER_FAK_ID_FAK,SMER_FAK_UNI_ID_UNI,DAT_VAZ_ST,ULICA,BR_ULICE) 
VALUES (803,'PRS70TBI6AC',9417831612750,'A0T 0W5',2018,'Gil','Horne',TO_DATE('1981-08-26', 'yyyy-mm-dd'),TO_DATE('2020-11-11', 'yyyy-mm-dd'),TO_DATE('2019-07-08', 'yyyy-mm-dd'),2,124,124,217,217,43,2,123,TO_DATE('2022-12-25', 'yyyy-mm-dd'),'Est Rd.',170); 

INSERT INTO STUDENTSKA_KARTICA (BR_KAR,ISIC_BR,JMBG_STUD,BR_IND,GOD_UPISA,IME_STUD,PREZ_STUD,DAT_RODJ_STUD,DAT_VAZ_KAR,DAT_VADJ_KAR,STATUS_STUD_ID_ST,ID_GRADA_MS,ID_DRZAVE_MS,ID_GRADA_MR,ID_DRZAVE_MR,SMER_SIFRA_SMERA,SMER_FAK_ID_FAK,SMER_FAK_UNI_ID_UNI,DAT_VAZ_ST,ULICA,BR_ULICE) 
VALUES (804,'QNR02ZOM1GI',2279108284506,'Q6H 7E1',2014,'Joseph','Bates',TO_DATE('1989-07-27', 'yyyy-mm-dd'),TO_DATE('2021-02-22', 'yyyy-mm-dd'),TO_DATE('2019-11-14', 'yyyy-mm-dd'),3,125,125,216,216,43,2,123,TO_DATE('2024-06-04', 'yyyy-mm-dd'),'Quisque Avenue',76); 

INSERT INTO STUDENTSKA_KARTICA (BR_KAR,ISIC_BR,JMBG_STUD,BR_IND,GOD_UPISA,IME_STUD,PREZ_STUD,DAT_RODJ_STUD,DAT_VAZ_KAR,DAT_VADJ_KAR,STATUS_STUD_ID_ST,ID_GRADA_MS,ID_DRZAVE_MS,ID_GRADA_MR,ID_DRZAVE_MR,SMER_SIFRA_SMERA,SMER_FAK_ID_FAK,SMER_FAK_UNI_ID_UNI,DAT_VAZ_ST,ULICA,BR_ULICE) 
VALUES (805,'WLE06MPC7LV',1548013179562,'K2H 0H7',2016,'Chase','Roth',TO_DATE('1984-04-16', 'yyyy-mm-dd'),TO_DATE('2021-12-26', 'yyyy-mm-dd'),TO_DATE('2019-07-27', 'yyyy-mm-dd'),2,126,126,215,215,43,2,123,TO_DATE('2021-09-12', 'yyyy-mm-dd'),'Quis Street',10); 

INSERT INTO STUDENTSKA_KARTICA (BR_KAR,ISIC_BR,JMBG_STUD,BR_IND,GOD_UPISA,IME_STUD,PREZ_STUD,DAT_RODJ_STUD,DAT_VAZ_KAR,DAT_VADJ_KAR,STATUS_STUD_ID_ST,ID_GRADA_MS,ID_DRZAVE_MS,ID_GRADA_MR,ID_DRZAVE_MR,SMER_SIFRA_SMERA,SMER_FAK_ID_FAK,SMER_FAK_UNI_ID_UNI,DAT_VAZ_ST,ULICA,BR_ULICE) 
VALUES (806,'KYR78NEA6KW',2235800172667,'Z3Q 7N6',2018,'Quemby','Jenkins',TO_DATE('1999-12-25', 'yyyy-mm-dd'),TO_DATE('2021-12-12', 'yyyy-mm-dd'),TO_DATE('2019-11-18', 'yyyy-mm-dd'),3,127,127,214,214,43,2,123,TO_DATE('2023-01-10', 'yyyy-mm-dd'),'Ridiculus Road',223); 

INSERT INTO STUDENTSKA_KARTICA (BR_KAR,ISIC_BR,JMBG_STUD,BR_IND,GOD_UPISA,IME_STUD,PREZ_STUD,DAT_RODJ_STUD,DAT_VAZ_KAR,DAT_VADJ_KAR,STATUS_STUD_ID_ST,ID_GRADA_MS,ID_DRZAVE_MS,ID_GRADA_MR,ID_DRZAVE_MR,SMER_SIFRA_SMERA,SMER_FAK_ID_FAK,SMER_FAK_UNI_ID_UNI,DAT_VAZ_ST,ULICA,BR_ULICE) 
VALUES (807,'SAV32BWL2ST',6308523442596,'Q2Q 1J9',2014,'Ivor','Pacheco',TO_DATE('1990-12-03', 'yyyy-mm-dd'),TO_DATE('2020-06-21', 'yyyy-mm-dd'),TO_DATE('2019-04-27', 'yyyy-mm-dd'),4,128,128,213,213,43,2,123,TO_DATE('2023-01-09', 'yyyy-mm-dd'),'Lorem Street',123);

INSERT INTO STUDENTSKA_KARTICA (BR_KAR,ISIC_BR,JMBG_STUD,BR_IND,GOD_UPISA,IME_STUD,PREZ_STUD,DAT_RODJ_STUD,DAT_VAZ_KAR,DAT_VADJ_KAR,STATUS_STUD_ID_ST,ID_GRADA_MS,ID_DRZAVE_MS,ID_GRADA_MR,ID_DRZAVE_MR,SMER_SIFRA_SMERA,SMER_FAK_ID_FAK,SMER_FAK_UNI_ID_UNI,DAT_VAZ_ST,ULICA,BR_ULICE) 
VALUES (808,'QCM38HMA9NK',8582608330063,'E5B 8N4',2019,'Emery','Rosales',TO_DATE('1987-08-04', 'yyyy-mm-dd'),TO_DATE('2021-04-01', 'yyyy-mm-dd'),TO_DATE('2019-06-03', 'yyyy-mm-dd'),3,129,129,212,212,43,2,123,TO_DATE('2024-06-21', 'yyyy-mm-dd'),'Cum St.',83); 

INSERT INTO STUDENTSKA_KARTICA (BR_KAR,ISIC_BR,JMBG_STUD,BR_IND,GOD_UPISA,IME_STUD,PREZ_STUD,DAT_RODJ_STUD,DAT_VAZ_KAR,DAT_VADJ_KAR,STATUS_STUD_ID_ST,ID_GRADA_MS,ID_DRZAVE_MS,ID_GRADA_MR,ID_DRZAVE_MR,SMER_SIFRA_SMERA,SMER_FAK_ID_FAK,SMER_FAK_UNI_ID_UNI,DAT_VAZ_ST,ULICA,BR_ULICE) 
VALUES (809,'TGQ41AUU3RA',2913302432280,'F1I 3A7',2016,'Mechelle','Caldwell',TO_DATE('1982-07-30', 'yyyy-mm-dd'),TO_DATE('2020-08-19', 'yyyy-mm-dd'),TO_DATE('2019-12-06', 'yyyy-mm-dd'),3,130,130,211,211,43,2,123,TO_DATE('2022-08-28', 'yyyy-mm-dd'),'Nunc Avenue',59); 

INSERT INTO STUDENTSKA_KARTICA (BR_KAR,ISIC_BR,JMBG_STUD,BR_IND,GOD_UPISA,IME_STUD,PREZ_STUD,DAT_RODJ_STUD,DAT_VAZ_KAR,DAT_VADJ_KAR,STATUS_STUD_ID_ST,ID_GRADA_MS,ID_DRZAVE_MS,ID_GRADA_MR,ID_DRZAVE_MR,SMER_SIFRA_SMERA,SMER_FAK_ID_FAK,SMER_FAK_UNI_ID_UNI,DAT_VAZ_ST,ULICA,BR_ULICE) 
VALUES (810,'BQD22OSK8NW',7177893806714,'F7H 8H7',2014,'Alec','Hinton',TO_DATE('1993-06-25', 'yyyy-mm-dd'),TO_DATE('2021-12-16', 'yyyy-mm-dd'),TO_DATE('2019-02-21', 'yyyy-mm-dd'),3,131,131,210,210,43,2,123,TO_DATE('2024-02-20', 'yyyy-mm-dd'),'Risus. Road',189); 

INSERT INTO STUDENTSKA_KARTICA (BR_KAR,ISIC_BR,JMBG_STUD,BR_IND,GOD_UPISA,IME_STUD,PREZ_STUD,DAT_RODJ_STUD,DAT_VAZ_KAR,DAT_VADJ_KAR,STATUS_STUD_ID_ST,ID_GRADA_MS,ID_DRZAVE_MS,ID_GRADA_MR,ID_DRZAVE_MR,SMER_SIFRA_SMERA,SMER_FAK_ID_FAK,SMER_FAK_UNI_ID_UNI,DAT_VAZ_ST,ULICA,BR_ULICE) 
VALUES (811,'SRU32EUI6VI',2128588619641,'L7D 2V8',2018,'Craig','Trujillo',TO_DATE('1990-10-25', 'yyyy-mm-dd'),TO_DATE('2020-08-03', 'yyyy-mm-dd'),TO_DATE('2019-03-08', 'yyyy-mm-dd'),2,132,132,209,209,43,2,123,TO_DATE('2024-01-11', 'yyyy-mm-dd'),'Mollis. Street',236); 

INSERT INTO STUDENTSKA_KARTICA (BR_KAR,ISIC_BR,JMBG_STUD,BR_IND,GOD_UPISA,IME_STUD,PREZ_STUD,DAT_RODJ_STUD,DAT_VAZ_KAR,DAT_VADJ_KAR,STATUS_STUD_ID_ST,ID_GRADA_MS,ID_DRZAVE_MS,ID_GRADA_MR,ID_DRZAVE_MR,SMER_SIFRA_SMERA,SMER_FAK_ID_FAK,SMER_FAK_UNI_ID_UNI,DAT_VAZ_ST,ULICA,BR_ULICE) 
VALUES (812,'CDW77ORS9OD',1248125276062,'Y8W 4X5',2015,'Halla','Moore',TO_DATE('1996-05-20', 'yyyy-mm-dd'),TO_DATE('2020-10-18', 'yyyy-mm-dd'),TO_DATE('2019-12-03', 'yyyy-mm-dd'),1,133,133,208,208,43,2,123,TO_DATE('2021-03-10', 'yyyy-mm-dd'),'Amet St.',215); 

INSERT INTO STUDENTSKA_KARTICA (BR_KAR,ISIC_BR,JMBG_STUD,BR_IND,GOD_UPISA,IME_STUD,PREZ_STUD,DAT_RODJ_STUD,DAT_VAZ_KAR,DAT_VADJ_KAR,STATUS_STUD_ID_ST,ID_GRADA_MS,ID_DRZAVE_MS,ID_GRADA_MR,ID_DRZAVE_MR,SMER_SIFRA_SMERA,SMER_FAK_ID_FAK,SMER_FAK_UNI_ID_UNI,DAT_VAZ_ST,ULICA,BR_ULICE) 
VALUES (813,'QMJ87XUH4JQ',9447769956197,'Z4D 6E5',2013,'Sybill','Riddle',TO_DATE('1997-01-24', 'yyyy-mm-dd'),TO_DATE('2021-01-09', 'yyyy-mm-dd'),TO_DATE('2019-02-23', 'yyyy-mm-dd'),1,134,134,207,207,43,2,123,TO_DATE('2024-07-11', 'yyyy-mm-dd'),'Dictum Street',146); 

INSERT INTO STUDENTSKA_KARTICA (BR_KAR,ISIC_BR,JMBG_STUD,BR_IND,GOD_UPISA,IME_STUD,PREZ_STUD,DAT_RODJ_STUD,DAT_VAZ_KAR,DAT_VADJ_KAR,STATUS_STUD_ID_ST,ID_GRADA_MS,ID_DRZAVE_MS,ID_GRADA_MR,ID_DRZAVE_MR,SMER_SIFRA_SMERA,SMER_FAK_ID_FAK,SMER_FAK_UNI_ID_UNI,DAT_VAZ_ST,ULICA,BR_ULICE) 
VALUES (814,'DMX91BFS7DG',8777091307565,'F7Y 5H6',2011,'Amaya','Chavez',TO_DATE('2000-12-25', 'yyyy-mm-dd'),TO_DATE('2020-08-03', 'yyyy-mm-dd'),TO_DATE('2019-04-10', 'yyyy-mm-dd'),2,135,135,206,206,43,2,123,TO_DATE('2024-07-04', 'yyyy-mm-dd'),'Et Ave',89); 

INSERT INTO STUDENTSKA_KARTICA (BR_KAR,ISIC_BR,JMBG_STUD,BR_IND,GOD_UPISA,IME_STUD,PREZ_STUD,DAT_RODJ_STUD,DAT_VAZ_KAR,DAT_VADJ_KAR,STATUS_STUD_ID_ST,ID_GRADA_MS,ID_DRZAVE_MS,ID_GRADA_MR,ID_DRZAVE_MR,SMER_SIFRA_SMERA,SMER_FAK_ID_FAK,SMER_FAK_UNI_ID_UNI,DAT_VAZ_ST,ULICA,BR_ULICE) 
VALUES (815,'OLL43OBL7QV',6302825215272,'T7K 6B1',2017,'Ainsley','Walton',TO_DATE('1986-03-13', 'yyyy-mm-dd'),TO_DATE('2021-08-09', 'yyyy-mm-dd'),TO_DATE('2019-07-22', 'yyyy-mm-dd'),3,136,136,205,205,43,2,123,TO_DATE('2022-09-11', 'yyyy-mm-dd'),'Et Rd.',245); 

INSERT INTO STUDENTSKA_KARTICA (BR_KAR,ISIC_BR,JMBG_STUD,BR_IND,GOD_UPISA,IME_STUD,PREZ_STUD,DAT_RODJ_STUD,DAT_VAZ_KAR,DAT_VADJ_KAR,STATUS_STUD_ID_ST,ID_GRADA_MS,ID_DRZAVE_MS,ID_GRADA_MR,ID_DRZAVE_MR,SMER_SIFRA_SMERA,SMER_FAK_ID_FAK,SMER_FAK_UNI_ID_UNI,DAT_VAZ_ST,ULICA,BR_ULICE) 
VALUES (816,'XQS13GAP2OF',3607111093588,'A2F 0N2',2010,'Reuben','Chapman',TO_DATE('1991-11-09', 'yyyy-mm-dd'),TO_DATE('2020-10-23', 'yyyy-mm-dd'),TO_DATE('2019-09-17', 'yyyy-mm-dd'),1,137,137,204,204,43,2,123,TO_DATE('2023-12-02', 'yyyy-mm-dd'),'Interdum Road',213); 

INSERT INTO STANJE_NA_KARTICI (STUD_KARTICA_BR_KAR,OB_SIFRA_OB,KOL_KAR) VALUES (800,1,1); INSERT INTO STANJE_NA_KARTICI (STUD_KARTICA_BR_KAR,OB_SIFRA_OB,KOL_KAR) VALUES (801,1,6); INSERT INTO STANJE_NA_KARTICI (STUD_KARTICA_BR_KAR,OB_SIFRA_OB,KOL_KAR) VALUES (802,1,2); INSERT INTO STANJE_NA_KARTICI (STUD_KARTICA_BR_KAR,OB_SIFRA_OB,KOL_KAR) VALUES (803,1,6); INSERT INTO STANJE_NA_KARTICI (STUD_KARTICA_BR_KAR,OB_SIFRA_OB,KOL_KAR) VALUES (804,1,0); INSERT INTO STANJE_NA_KARTICI (STUD_KARTICA_BR_KAR,OB_SIFRA_OB,KOL_KAR) VALUES (805,1,0); INSERT INTO STANJE_NA_KARTICI (STUD_KARTICA_BR_KAR,OB_SIFRA_OB,KOL_KAR) VALUES (806,1,6); INSERT INTO STANJE_NA_KARTICI (STUD_KARTICA_BR_KAR,OB_SIFRA_OB,KOL_KAR) VALUES (807,1,10); INSERT INTO STANJE_NA_KARTICI (STUD_KARTICA_BR_KAR,OB_SIFRA_OB,KOL_KAR) VALUES (808,1,2); INSERT INTO STANJE_NA_KARTICI (STUD_KARTICA_BR_KAR,OB_SIFRA_OB,KOL_KAR) VALUES (809,1,5); INSERT INTO STANJE_NA_KARTICI (STUD_KARTICA_BR_KAR,OB_SIFRA_OB,KOL_KAR) VALUES (810,1,9); INSERT INTO STANJE_NA_KARTICI (STUD_KARTICA_BR_KAR,OB_SIFRA_OB,KOL_KAR) VALUES (811,1,9); INSERT INTO STANJE_NA_KARTICI (STUD_KARTICA_BR_KAR,OB_SIFRA_OB,KOL_KAR) VALUES (812,1,8); INSERT INTO STANJE_NA_KARTICI (STUD_KARTICA_BR_KAR,OB_SIFRA_OB,KOL_KAR) VALUES (813,1,6); INSERT INTO STANJE_NA_KARTICI (STUD_KARTICA_BR_KAR,OB_SIFRA_OB,KOL_KAR) VALUES (814,1,11); INSERT INTO STANJE_NA_KARTICI (STUD_KARTICA_BR_KAR,OB_SIFRA_OB,KOL_KAR) VALUES (815,1,11); INSERT INTO STANJE_NA_KARTICI (STUD_KARTICA_BR_KAR,OB_SIFRA_OB,KOL_KAR) VALUES (816,1,0); 

INSERT INTO STANJE_NA_KARTICI (STUD_KARTICA_BR_KAR,OB_SIFRA_OB,KOL_KAR) VALUES (800,2,11); INSERT INTO STANJE_NA_KARTICI (STUD_KARTICA_BR_KAR,OB_SIFRA_OB,KOL_KAR) VALUES (801,2,6); INSERT INTO STANJE_NA_KARTICI (STUD_KARTICA_BR_KAR,OB_SIFRA_OB,KOL_KAR) VALUES (802,2,13); INSERT INTO STANJE_NA_KARTICI (STUD_KARTICA_BR_KAR,OB_SIFRA_OB,KOL_KAR) VALUES (803,2,6); INSERT INTO STANJE_NA_KARTICI (STUD_KARTICA_BR_KAR,OB_SIFRA_OB,KOL_KAR) VALUES (804,2,2); INSERT INTO STANJE_NA_KARTICI (STUD_KARTICA_BR_KAR,OB_SIFRA_OB,KOL_KAR) VALUES (805,2,2); INSERT INTO STANJE_NA_KARTICI (STUD_KARTICA_BR_KAR,OB_SIFRA_OB,KOL_KAR) VALUES (806,2,6); INSERT INTO STANJE_NA_KARTICI (STUD_KARTICA_BR_KAR,OB_SIFRA_OB,KOL_KAR) VALUES (807,2,10); INSERT INTO STANJE_NA_KARTICI (STUD_KARTICA_BR_KAR,OB_SIFRA_OB,KOL_KAR) VALUES (808,2,2); INSERT INTO STANJE_NA_KARTICI (STUD_KARTICA_BR_KAR,OB_SIFRA_OB,KOL_KAR) VALUES (809,2,5); INSERT INTO STANJE_NA_KARTICI (STUD_KARTICA_BR_KAR,OB_SIFRA_OB,KOL_KAR) VALUES (810,2,6); INSERT INTO STANJE_NA_KARTICI (STUD_KARTICA_BR_KAR,OB_SIFRA_OB,KOL_KAR) VALUES (811,2,9); INSERT INTO STANJE_NA_KARTICI (STUD_KARTICA_BR_KAR,OB_SIFRA_OB,KOL_KAR) VALUES (812,2,8); INSERT INTO STANJE_NA_KARTICI (STUD_KARTICA_BR_KAR,OB_SIFRA_OB,KOL_KAR) VALUES (813,2,6); INSERT INTO STANJE_NA_KARTICI (STUD_KARTICA_BR_KAR,OB_SIFRA_OB,KOL_KAR) VALUES (814,2,11); INSERT INTO STANJE_NA_KARTICI (STUD_KARTICA_BR_KAR,OB_SIFRA_OB,KOL_KAR) VALUES (815,2,11); INSERT INTO STANJE_NA_KARTICI (STUD_KARTICA_BR_KAR,OB_SIFRA_OB,KOL_KAR) VALUES (816,2,0);

INSERT INTO STANJE_NA_KARTICI (STUD_KARTICA_BR_KAR,OB_SIFRA_OB,KOL_KAR) VALUES (800,3,8); INSERT INTO STANJE_NA_KARTICI (STUD_KARTICA_BR_KAR,OB_SIFRA_OB,KOL_KAR) VALUES (801,3,5); INSERT INTO STANJE_NA_KARTICI (STUD_KARTICA_BR_KAR,OB_SIFRA_OB,KOL_KAR) VALUES (802,3,12); INSERT INTO STANJE_NA_KARTICI (STUD_KARTICA_BR_KAR,OB_SIFRA_OB,KOL_KAR) VALUES (803,3,6); INSERT INTO STANJE_NA_KARTICI (STUD_KARTICA_BR_KAR,OB_SIFRA_OB,KOL_KAR) VALUES (804,3,1); INSERT INTO STANJE_NA_KARTICI (STUD_KARTICA_BR_KAR,OB_SIFRA_OB,KOL_KAR) VALUES (805,3,1); INSERT INTO STANJE_NA_KARTICI (STUD_KARTICA_BR_KAR,OB_SIFRA_OB,KOL_KAR) VALUES (806,3,6); INSERT INTO STANJE_NA_KARTICI (STUD_KARTICA_BR_KAR,OB_SIFRA_OB,KOL_KAR) VALUES (807,3,10); INSERT INTO STANJE_NA_KARTICI (STUD_KARTICA_BR_KAR,OB_SIFRA_OB,KOL_KAR) VALUES (808,3,7); INSERT INTO STANJE_NA_KARTICI (STUD_KARTICA_BR_KAR,OB_SIFRA_OB,KOL_KAR) VALUES (809,3,5); INSERT INTO STANJE_NA_KARTICI (STUD_KARTICA_BR_KAR,OB_SIFRA_OB,KOL_KAR) VALUES (810,3,9); INSERT INTO STANJE_NA_KARTICI (STUD_KARTICA_BR_KAR,OB_SIFRA_OB,KOL_KAR) VALUES (811,3,9); INSERT INTO STANJE_NA_KARTICI (STUD_KARTICA_BR_KAR,OB_SIFRA_OB,KOL_KAR) VALUES (812,3,22); INSERT INTO STANJE_NA_KARTICI (STUD_KARTICA_BR_KAR,OB_SIFRA_OB,KOL_KAR) VALUES (813,3,6); INSERT INTO STANJE_NA_KARTICI (STUD_KARTICA_BR_KAR,OB_SIFRA_OB,KOL_KAR) VALUES (814,3,11); INSERT INTO STANJE_NA_KARTICI (STUD_KARTICA_BR_KAR,OB_SIFRA_OB,KOL_KAR) VALUES (815,3,17); INSERT INTO STANJE_NA_KARTICI (STUD_KARTICA_BR_KAR,OB_SIFRA_OB,KOL_KAR) VALUES (816,3,3);

INSERT INTO RACUN (ID_RAC, UK_CENA, DAT_IZD_RAC, RADNIK_U_SZUO_SIFRA_RAD, KASA_ID_KASE, STUD_KARTICA_BR_KAR) VALUES (1111, 8190, TO_DATE('2020-01-12', 'yyyy-mm-dd'), 101, 2, 800);

INSERT INTO STAVKA (RBR_STA, KOL_STA, IZNOS, RAC_ID_RAC, RAC_ID_KASE, CEN_DAT_PV, CEN_OB_SIFRA_OB) VALUES (1,10,1470,1111,2, TO_DATE('2018-07-11', 'yyyy-mm-dd'), 1); 
INSERT INTO STAVKA (RBR_STA, KOL_STA, IZNOS, RAC_ID_RAC, RAC_ID_KASE, CEN_DAT_PV, CEN_OB_SIFRA_OB) VALUES (2,10,2370,1111,2, TO_DATE('2018-12-01', 'yyyy-mm-dd'), 2); 
INSERT INTO STAVKA (RBR_STA, KOL_STA, IZNOS, RAC_ID_RAC, RAC_ID_KASE, CEN_DAT_PV, CEN_OB_SIFRA_OB) VALUES (3,10,2320,1111,2,TO_DATE('2013-07-08', 'yyyy-mm-dd'), 3); 

UPDATE STANJE_NA_KARTICI SET KOL_KAR = 11 WHERE OB_SIFRA_OB = 1 AND STUD_KARTICA_BR_KAR = 800;
UPDATE STANJE_NA_KARTICI SET KOL_KAR = 21 WHERE OB_SIFRA_OB = 2 AND STUD_KARTICA_BR_KAR = 800;
UPDATE STANJE_NA_KARTICI SET KOL_KAR = 18 WHERE OB_SIFRA_OB = 3 AND STUD_KARTICA_BR_KAR = 800;